,x_axis,water_pdf,cultivated_pdf,pasture_pdf,tundra_pdf,wooded_tundra_pdf,boreal_forest_pdf,conifer_forest_pdf,temperate_mixed_forest_pdf,temperate_decidous_forest_pdf,grasssland_pdf,desert_pdf,savanna_pdf,tropical_wooded_pdf,tropical_forest_pdf
0,0.0,8.33633164492255e-06,6.120328644606271e-07,1.9516130448672885e-07,4.926539731245521e-06,1.0322278847188413e-05,3.0460634116574613e-06,7.760554462930985e-08,3.0482073092721822e-06,5.896892924071049e-06,1.7503226760877356e-07,2.347375870017836e-07,5.564761637085274e-07,2.474312350390633e-05,3.502079549443914e-05
1,1000.0,8.39906179250845e-06,6.121160307972491e-07,1.9516852053611317e-07,4.972964656428382e-06,1.2466731140325917e-05,3.055230129979716e-06,7.760904204099644e-08,3.056103750640878e-06,5.903188521878075e-06,1.7504058829346862e-07,2.347491340620502e-07,5.565956768863131e-07,2.8623774420193967e-05,3.729026867027644e-05
2,2000.0,8.458092240053726e-06,6.121977561201726e-07,1.951756898763209e-07,5.018688368449422e-06,1.486393850664854e-05,3.064219365417259e-06,7.761253651954057e-08,3.0638218219485245e-06,5.90819167407673e-06,1.750488752830507e-07,2.3476059984273361e-07,5.567141069278333e-07,3.257583582733284e-05,3.925003917636814e-05
3,3000.0,8.513338578902087e-06,6.122780398492255e-07,1.9518281250218507e-07,5.063683580775323e-06,1.7495223956757257e-05,3.073029390896817e-06,7.761602806453183e-08,3.0713600698040357e-06,5.911899084516096e-06,1.7505712857269668e-07,2.3477198433186875e-07,5.568314531308208e-07,3.647207933202672e-05,4.083755696843853e-05
4,4000.0,8.564721443383488e-06,6.123568814144189e-07,1.951898884085722e-07,5.107923257120948e-06,2.0328690903284476e-05,3.0816585103515527e-06,7.76195166755602e-08,3.0787170722431225e-06,5.9143083094975106e-06,1.7506534815760293e-07,2.3478328751757504e-07,5.569477147993367e-07,4.017184416841526e-05,4.200050272207352e-05
5,5000.0,8.61216670074267e-06,6.124342802559548e-07,1.9519691759038235e-07,5.151380638332785e-06,2.3318661525388294e-05,3.090105059264856e-06,7.762300235221591e-08,3.0858914391751545e-06,5.915417760458924e-06,1.750735340329853e-07,2.3479450938805636e-07,5.570628912437768e-07,4.352906153549527e-05,4.269964856696163e-05
6,6000.0,8.655605629324434e-06,6.125102358242314e-07,1.952039000425492e-07,5.194029269194623e-06,2.6405969943937558e-05,3.098367405205104e-06,7.762648509408958e-08,3.0928818128207425e-06,5.915226705720523e-06,1.7508168619407913e-07,2.348056499316011e-07,5.571769817808785e-07,4.64016183903134e-05,4.2911054711903874e-05
7,7000.0,8.694975084416283e-06,6.12584747579851e-07,1.9521083576004e-07,5.235843025118155e-06,2.9519223588077835e-05,3.106443948351159e-06,7.762996490077215e-08,3.0996868681398726e-06,5.913735271288892e-06,1.7508980463613918e-07,2.348167091365821e-07,5.572899857337277e-07,4.866124782019394e-05,4.262743043671354e-05
8,8000.0,8.73021765118836e-06,6.126578149936252e-07,1.9521772473785546e-07,5.2767961386810604e-06,3.257707114700387e-05,3.1143331220083586e-06,7.763344177185485e-08,3.106305313250375e-06,5.910944440718529e-06,1.750978893544397e-07,2.348276869914568e-07,5.574019024317655e-07,5.020299695266601e-05,4.18585515423118e-05
9,9000.0,8.761281784212171e-06,6.127294375465819e-07,1.9522456697102996e-07,5.316863225975026e-06,3.5491425422549974e-05,3.1220333931147732e-06,7.76369157069293e-08,3.1127358898365678e-06,5.906856054030875e-06,1.7510594034427453e-07,2.3483858348476707e-07,5.575127312107945e-07,5.095330225393753e-05,4.063070092381305e-05
10,10000.0,8.788121933083608e-06,6.127996147299713e-07,1.9523136245463138e-07,5.35601931272618e-06,3.817149307007981e-05,3.1295432627374975e-06,7.764038670558741e-08,3.1189773735478818e-06,5.901472805692564e-06,1.7511395760095687e-07,2.348493986051395e-07,5.576224714129856e-07,5.087580764595652e-05,3.898517691434784e-05
11,11000.0,8.810698653721729e-06,6.128683460452715e-07,1.9523811118376128e-07,5.3942398601504865e-06,4.052837147375287e-05,3.136861266558752e-06,7.764385476742148e-08,3.1250285743872883e-06,5.8947982416559675e-06,1.7512194111981945e-07,2.3486013234128517e-07,5.57731122386885e-07,4.997428473498285e-05,3.697598746637212e-05
12,12000.0,8.828978704962614e-06,6.129356310041952e-07,1.9524481315355475e-07,5.4315007905067494e-06,4.247989733648489e-05,3.1439859753515737e-06,7.764731989202407e-08,3.1308883370893665e-06,5.886836755466619e-06,1.7512989089621446e-07,2.348707846819998e-07,5.578386834874196e-07,4.82923285304352e-05,3.466690968687706e-05
13,13000.0,8.842935130117238e-06,6.130014691286945e-07,1.9525146835918047e-07,5.46777851231011e-06,4.3955382513074636e-05,3.150915995444883e-06,7.765078207898811e-08,3.1365555414878335e-06,5.877593583443467e-06,1.7513780692551375e-07,2.3488135561616362e-07,5.579451540759045e-07,4.590986283657266e-05,3.2128137795286976e-05
14,14000.0,8.8525473232132e-06,6.130658599509674e-07,1.9525807679584074e-07,5.503049945169184e-06,4.489985814822959e-05,3.1576499691777096e-06,7.765424132790688e-08,3.1420291028723788e-06,5.867074798939379e-06,1.7514568920310848e-07,2.3489184513274174e-07,5.580505335200482e-07,4.293684539271457e-05,2.9432764472066714e-05
15,15000.0,8.85780107969254e-06,6.131288030134631e-07,1.9526463845877145e-07,5.537292544210302e-06,4.52774723478917e-05,3.164186575342371e-06,7.765769763837396e-08,3.1473079723346416e-06,5.855287305690707e-06,1.7515353772440944e-07,2.349022532207837e-07,5.581548211939597e-07,3.9504863049206794e-05,2.6653339612793732e-05
16,16000.0,8.858688631390953e-06,6.131902978688871e-07,1.9527115334324213e-07,5.570484324052784e-06,4.507374869324967e-05,3.1705245296164086e-06,7.766115100998326e-08,3.152391137103176e-06,5.842238830266078e-06,1.751613524848469e-07,2.3491257986942388e-07,5.582580164781544e-07,3.5757510687977485e-05,2.3858728083227783e-05
17,17000.0,8.8552086656779e-06,6.132503440802068e-07,1.9527762144455594e-07,5.602603882299579e-06,4.4296507259062355e-05,3.1766625849830747e-06,7.766460144232907e-08,3.157277620867256e-06,5.827937913626018e-06,1.7516913347987067e-07,2.349228250678813e-07,5.583601187595604e-07,3.184052961679304e-05,2.1111447844569214e-05
18,18000.0,8.847366328691563e-06,6.133089412206568e-07,1.952840427580496e-07,5.633630422508212e-06,4.297536644913934e-05,3.182599532140178e-06,7.766804893500595e-08,3.161966484089377e-06,5.812393901806274e-06,1.7517688070495007e-07,2.3493298880545966e-07,5.584611274315242e-07,2.7892637199672953e-05,1.846561712309413e-05
19,19000.0,8.835173212657502e-06,6.133660888737433e-07,1.9529041727909352e-07,5.663543776607568e-06,4.1159869888577664e-05,3.1883341998971105e-06,7.767149348760885e-08,3.16645682430631e-06,5.795616935739088e-06,1.7518459415557396e-07,2.3494307107154745e-07,5.585610418938172e-07,2.4037824623330066e-05,1.5965580383691363e-05
20,20000.0,8.81864732733475e-06,6.134217866332501e-07,1.9529674500309168e-07,5.69232442672672e-06,3.891640350934697e-05,3.193865455559861e-06,7.767493509973302e-08,3.170747776418571e-06,5.777617940227927e-06,1.751922738272507e-07,2.3495307185561802e-07,5.58659861552641e-07,2.037966476766733e-05,1.3645224068532472e-05
21,21000.0,8.797813055687798e-06,6.134760341032422e-07,1.9530302592548185e-07,5.719953526402752e-06,3.632417022372793e-05,3.199192205303841e-06,7.767837377097405e-08,3.174838512968186e-06,5.758408612092459e-06,1.751999197155082e-07,2.3496299114722923e-07,5.587575858206339e-07,1.699789721191588e-05,1.1527940045408098e-05
22,22000.0,8.77270109393719e-06,6.135288308980719e-07,1.9530926004173523e-07,5.746412921135358e-06,3.3470562150073497e-05,3.2043133945343597e-06,7.768180950092786e-08,3.1787282444046184e-06,5.738001407501767e-06,1.7520753181589393e-07,2.3497282893602404e-07,5.588542141168767e-07,1.3947284208706047e-05,9.627151876481475e-06
23,23000.0,8.743348376195065e-06,6.135801766423817e-07,1.953154473473569e-07,5.771685168256832e-06,3.0446306199516117e-05,3.209228008234569e-06,7.768524228919072e-08,3.182416219338739e-06,5.716409528515022e-06,1.75215110123975e-07,2.3498258521172995e-07,5.589497458668976e-07,1.1258496369097607e-05,7.947289140582566e-06
24,24000.0,8.70979798394462e-06,6.136300709711102e-07,1.9532158783788535e-07,5.795753556087051e-06,2.7340755736639337e-05,3.213935071300729e-06,7.76886721353592e-08,3.1859017247847267e-06,5.6936469088499555e-06,1.7522265463533786e-07,2.3499225996415948e-07,5.590441805026793e-07,8.940615595986137e-06,6.485079153557767e-06
25,25000.0,8.672099040674046e-06,6.136785135294955e-07,1.9532768150889297e-07,5.818602122343984e-06,2.4237661669760417e-05,3.218433648864629e-06,7.769209903903027e-08,3.189184086389796e-06,5.669728198900617e-06,1.752301653455887e-07,2.3500185318320992e-07,5.591375174626633e-07,6.984748008530128e-06,5.23102294657329e-06
26,26000.0,8.630306592025661e-06,6.1372550397308e-07,1.953337283559857e-07,5.840215671781368e-06,2.1211687625129675e-05,3.2227228466030254e-06,7.769552299980115e-08,3.192262668651633e-06,5.644668750026945e-06,1.7523764225035316e-07,2.3501136485886344e-07,5.592297561917562e-07,5.368220566949248e-06,4.170931386749646e-06
27,27000.0,8.58448147186951e-06,6.137710419677143e-07,1.9533972837480313e-07,5.860579793026267e-06,1.8325845745362156e-05,3.2268018110339445e-06,7.769894401726945e-08,3.1951368751234594e-06,5.618484598139756e-06,1.752450853452765e-07,2.3502079498118715e-07,5.593208961413349e-07,4.058880357874415e-06,3.2874150776050573e-06
28,28000.0,8.534690154757525e-06,6.138151271895609e-07,1.9534568156101855e-07,5.879680874590401e-06,1.5629933503626855e-05,3.2306697297997126e-06,7.770236209103306e-08,3.197806148606617e-06,5.591192446605695e-06,1.7525249462602355e-07,2.350301435403329e-07,5.594109367692527e-07,3.0191065305451125e-06,2.561244957482158e-06
29,29000.0,8.481004595259093e-06,6.138577593250979e-07,1.9535158791033902e-07,5.897506120030349e-06,1.3159958930872529e-05,3.2343258319365926e-06,7.770577722069031e-08,3.200269971330599e-06,5.562809648497653e-06,1.752598700882787e-07,2.3503941052653765e-07,5.594998775398434e-07,2.209260432238248e-06,1.9725261375161654e-06
30,30000.0,8.423502054721522e-06,6.138989380711238e-07,1.953574474185052e-07,5.9140435622329865e-06,1.0938461371146445e-05,3.237769388130891e-06,7.770918940583974e-08,3.202527865120432e-06,5.533354188217054e-06,1.7526721172774583e-07,2.3504859593012314e-07,5.595877179239276e-07,1.5904194582900058e-06,1.5016526731611795e-06
31,31000.0,8.362264916039096e-06,6.139386631347601e-07,1.953632600812914e-07,5.929282076803848e-06,8.975574185594497e-06,3.240999710961414e-06,7.771259864608031e-08,3.2045793915513457e-06,5.502844662515228e-06,1.752745195401486e-07,2.3505769974149614e-07,5.59674457398818e-07,1.1263483726450764e-06,1.1300334443630504e-06
32,32000.0,8.297380487052142e-06,6.139769342334545e-07,1.953690258945058e-07,5.9432113945374294e-06,7.270638370914388e-06,3.2440161551281764e-06,7.771600494101127e-08,3.2064241520906557e-06,5.471300260941894e-06,1.7528179352123007e-07,2.3506672195114843e-07,5.597600954483238e-07,7.847477524485901e-07,8.405976607190969e-07
33,33000.0,8.228940793232584e-06,6.140137510949852e-07,1.953747448539901e-07,5.955822112949875e-06,5.814162253661798e-06,3.246818117667238e-06,7.771940829023223e-08,3.2080617882267915e-06,5.438740745749508e-06,1.7528903366675296e-07,2.3507566254965662e-07,5.598446315627567e-07,5.378779170821022e-07,6.181019785144047e-07
34,34000.0,8.157042360344624e-06,6.140491134574637e-07,1.9538041695561979e-07,5.9671057068559185e-06,4.589929874374707e-06,3.2494050381515766e-06,7.77228086933431e-08,3.2094919815854153e-06,5.405186431282891e-06,1.752962399724996e-07,2.3508452152768252e-07,5.599280652389354e-07,3.626883765726971e-07,4.492697387541442e-07
35,35000.0,8.081785987798536e-06,6.140830210693378e-07,1.953860421953041e-07,5.977054537973415e-06,3.577084944050143e-06,3.2517763988779027e-06,7.772620614994416e-08,3.2107144540325817e-06,5.37065816288422e-06,1.7530341243427192e-07,2.3509329887597275e-07,5.600103959801907e-07,2.405912618460448e-07,3.227968417114897e-07
36,36000.0,8.003276513441712e-06,6.141154736893948e-07,1.9539162056898597e-07,5.9856618635403236e-06,2.7520527640709687e-06,3.2539317250393325e-06,7.772960065963601e-08,3.2117289677648824e-06,5.335177295343972e-06,1.753105510478914e-07,2.351019945853592e-07,5.600916232963706e-07,1.5700820609553113e-07,2.2925903673854986e-07
37,37000.0,7.921622570554298e-06,6.14146471086764e-07,1.9539715207264198e-07,5.992921843930528e-06,2.0902034439177604e-06,3.2558705848838285e-06,7.773299222201961e-08,3.2125353253865434e-06,5.29876567092898e-06,1.753176558091991e-07,2.3511060864675857e-07,5.601717467038449e-07,1.0080014166516167e-07,1.6095287046581227e-07
38,38000.0,7.836936337836487e-06,6.1417601304092e-07,1.954026367022825e-07,5.998829549256453e-06,1.5672008611464307e-06,3.257592589858343e-06,7.77363808366962e-08,3.213133369973436e-06,5.261445597019183e-06,1.7532472671405587e-07,2.3511914105117282e-07,5.602507657255103e-07,6.366433728198568e-08,1.1169817208308979e-07
39,39000.0,7.749333283191347e-06,6.142040993416846e-07,1.9540807445395175e-07,6.003380964948037e-06,1.1600188973268916e-06,3.259097394738595e-06,7.773976650326737e-08,3.2135229851239773e-06,5.22323982338504e-06,1.7533176375834197e-07,2.351275917896888e-07,5.603286798907947e-07,3.9557386624713777e-08,7.662464620474561e-08
40,40000.0,7.65893190212013e-06,6.142307297892299e-07,1.9541346532372744e-07,6.006572996299202e-06,8.476367284750271e-07,3.2603846977444154e-06,7.774314922133512e-08,3.213704094996883e-06,5.18417151913794e-06,1.7533876693795736e-07,2.351359608534787e-07,5.604054887356624e-07,2.4179941771441818e-08,5.195962106157676e-08
41,41000.0,7.5658534515571695e-06,6.142559041940806e-07,1.9541880930772125e-07,6.008403471974633e-06,6.11446930225109e-07,3.2614542406406128e-06,7.774652899050166e-08,3.2136766643357773e-06,5.144264249386201e-06,1.7534573624882163e-07,2.3514424823379955e-07,5.604811918026182e-07,1.4540495241100507e-08,3.482880265788963e-08
42,42000.0,7.470221679977927e-06,6.142796223771157e-07,1.9542410640207847e-07,6.008871146471293e-06,4.354237073284656e-07,3.262305808823311e-06,7.774990581036965e-08,3.2134406984806294e-06,5.103541951629464e-06,1.7535267168687402e-07,2.3515245392199368e-07,5.605557886407126e-07,8.601999951517867e-09,2.3077363487457626e-08
43,43000.0,7.37216255461709e-06,6.143018841695714e-07,1.954293566029782e-07,6.00797570153077e-06,3.0610447122734877e-07,3.2629392313917098e-06,7.7753279680542e-08,3.2129962433660207e-06,5.062028911924472e-06,1.7535957324807328e-07,2.3516057790948858e-07,5.606292788055456e-07,5.0062895246265134e-09,1.511502651090626e-08
44,44000.0,7.271803986633562e-06,6.143226894130424e-07,1.954345599066333e-07,6.005717746500216e-06,2.12437692445603e-07,3.263354381205252e-06,7.775665060062201e-08,3.212343385506243e-06,5.019749740855279e-06,1.7536644092839794e-07,2.351686201877968e-07,5.607016618592713e-07,2.8663470853641384e-09,9.78603382336803e-09
45,45000.0,7.169275555055817e-06,6.143420379594846e-07,1.9543971630929036e-07,6.002098817641296e-06,1.4554516315318989e-07,3.2635511749261527e-06,7.776001857021329e-08,3.2114822519672313e-06,4.976729349341046e-06,1.753732747238461e-07,2.3517658074851605e-07,5.607729373706023e-07,1.614499380856902e-09,6.262959283639766e-09
46,46000.0,7.0647082303345855e-06,6.143599296712157e-07,1.9544482580722977e-07,5.997121376388267e-06,9.843924612314292e-08,3.26352957304728e-06,7.77633835889198e-08,3.210413010325348e-06,4.932992924314474e-06,1.7538007463043548e-07,2.3518445958332938e-07,5.608431049148144e-07,8.946296282499023e-10,3.962119233005144e-09
47,47000.0,6.958234098320078e-06,6.143763644209181e-07,1.9544988839676567e-07,5.9907888065579175e-06,6.572688962911109e-08,3.2632895799053763e-06,7.776674565634583e-08,3.209135868613029e-06,4.888565904303934e-06,1.7538684064420348e-07,2.3519225668400487e-07,5.609121640737499e-07,4.876912463470932e-10,2.477710548303066e-09
48,48000.0,6.8499860854682405e-06,6.143913420916394e-07,1.9545490407424598e-07,5.9831054105158205e-06,4.332336507431769e-08,3.262831243679604e-06,7.777010477209598e-08,3.2076510752513345e-06,4.843473954952178e-06,1.7539357276120717e-07,2.351999720423959e-07,5.609801144358228e-07,2.615428989325896e-10,1.5316117003472996e-09
49,49000.0,6.740097686064715e-06,6.144048625767942e-07,1.9545987283605235e-07,5.974076404304984e-06,2.819068208344939e-08,3.2621546563754293e-06,7.777346093577523e-08,3.2059589189694073e-06,4.797742944504319e-06,1.7540027097752319e-07,2.3520760565044101e-07,5.61046955596022e-07,1.3798668939375395e-10,9.358836444340276e-10
50,50000.0,6.628702692236663e-06,6.144169257801656e-07,1.9546479467860034e-07,5.963707911744592e-06,1.810895065404692e-08,3.2612599537938383e-06,7.777681414698885e-08,3.204059728710906e-06,4.751398919297552e-06,1.7540693528924794e-07,2.3521515750016416e-07,5.611126871559158e-07,7.161891647855059e-11,5.652884556869898e-10
51,51000.0,6.5159349275011935e-06,6.144275316159059e-07,1.9546966959833918e-07,5.952006957508208e-06,1.148379117631816e-08,3.2601473154859095e-06,7.778016440534249e-08,3.2019538735274282e-06,4.704468079284786e-06,1.7541356569249737e-07,2.3522262758367432e-07,5.611773087236558e-07,3.656912649706876e-11,3.3751528994843795e-10
52,52000.0,6.401927984575276e-06,6.144366800085381e-07,1.9547449759175196e-07,5.938981459192394e-06,7.189216920301277e-09,3.258816964692763e-06,7.77835117104421e-08,3.1996417624589914e-06,4.656976753623976e-06,1.7542016218340722e-07,2.352300158931659e-07,5.612408199139806e-07,1.836951611852024e-11,1.9920116032322188e-10
53,53000.0,6.2868149681456e-06,6.144443708929559e-07,1.954792786553555e-07,5.924640218388253e-06,4.443060110273426e-09,3.2572691682709066e-06,7.7786856061894e-08,3.1971238444016193e-06,4.608951376364569e-06,1.7542672475813277e-07,2.3523732242091858e-07,5.6130322034822e-07,9.077727368644999e-12,1.162158471724521e-10
54,54000.0,6.170728243268155e-06,6.144506042144256e-07,1.954840127857005e-07,5.908992910770024e-06,2.7107351658943083e-09,3.2555042366030257e-06,7.77901974593048e-08,3.1944006079620838e-06,4.56041846226202e-06,1.754332534128491e-07,2.3524454715929726e-07,5.613645096542984e-07,4.413192217679715e-12,6.702146514015786e-11
55,55000.0,6.053799190036566e-06,6.144553799285862e-07,1.9548869997937137e-07,5.892050075216337e-06,1.6326620225215496e-09,3.2535225234942483e-06,7.77935359022815e-08,3.191472581299891e-06,4.51140458275082e-06,1.754397481437508e-07,2.3525169010075222e-07,5.614246874667386e-07,2.1106918885675837e-12,3.820652678846778e-11
56,56000.0,5.936157965125351e-06,6.144586980014496e-07,1.9549334023298648e-07,5.8738231019812456e-06,9.707553472739149e-10,3.2513244260539378e-06,7.77968713904314e-08,3.1883403319565568e-06,4.461936342105902e-06,1.7544620894705233e-07,2.3525875123781903e-07,5.614837534266655e-07,9.931003338251143e-13,2.1529615699463916e-11
57,57000.0,5.817933270779828e-06,6.144605584094018e-07,1.954979335431978e-07,5.854324219933633e-06,5.698067532794737e-10,3.2489103845630727e-06,7.780020392336212e-08,3.185004466672269e-06,4.4120403538217655e-06,1.7545263581898772e-07,2.3526573056311863e-07,5.615417071818098e-07,4.596822176928862e-13,1.1992509544701842e-11
58,58000.0,5.699252131788184e-06,6.144609611392024e-07,1.9550247990669135e-07,5.833566482884997e-06,3.301791861352322e-10,3.2462808823272673e-06,7.780353350068166e-08,3.1814656311900144e-06,4.3617432172379126e-06,1.7545902875581068e-07,2.3527262806935725e-07,5.61598548386511e-07,2.093237802002997e-13,6.603268311436932e-12
59,59000.0,5.580239680933738e-06,6.144599061879853e-07,1.9550697932018675e-07,5.8115637550270164e-06,1.8887570271421551e-10,3.243436445515509e-06,7.780686012199835e-08,3.177724510047243e-06,4.311071494438602e-06,1.7546538775379465e-07,2.3527944374932658e-07,5.616542767017214e-07,9.377254945342574e-14,3.5940398863001356e-12
60,60000.0,5.461018953386587e-06,6.144573935632586e-07,1.9551143178043761e-07,5.7883306955016275e-06,1.0666128056971202e-10,3.2403776429846838e-06,7.781018378692084e-08,3.1737818263551943e-06,4.260051687454105e-06,1.7547171280923276e-07,2.3528617759590357e-07,5.617088917950093e-07,4.132655153145466e-14,1.9336680317324014e-12
61,61000.0,5.341710690454148e-06,6.14453423282904e-07,1.955158372842313e-07,5.763882742127658e-06,5.946231232876801e-11,3.23710508608997e-06,7.78135044950581e-08,3.169638341565956e-06,4.20871021578996e-06,1.754780039184378e-07,2.3529282960205061e-07,5.61762393340562e-07,1.7917561357892695e-14,1.0283856755871502e-12
62,62000.0,5.222433153069403e-06,6.144479953751775e-07,1.9552019582838908e-07,5.738236094309304e-06,3.272510840559077e-11,3.2336194284811994e-06,7.781682224601948e-08,3.1652948552273776e-06,4.1570733943098695e-06,1.754842610777423e-07,2.352993997608156e-07,5.618147810191894e-07,7.642314792535196e-15,5.406362931087775e-13
63,63000.0,5.103301945354489e-06,6.144411098787082e-07,1.955245074097659e-07,5.711407695152913e-06,1.7779710854550603e-11,3.2299213658852634e-06,7.782013703941464e-08,3.1607522047259434e-06,4.105167411497028e-06,1.754904842834985e-07,2.3530588806533162e-07,5.618660545183274e-07,3.2067657329837278e-15,2.8095026835511106e-13
64,64000.0,4.984429848555586e-06,6.144327668424987e-07,1.9552877202525074e-07,5.683415212819733e-06,9.536139462412549e-12,3.2260116358746827e-06,7.782344887485356e-08,3.1560112650177174e-06,4.0530183081178645e-06,1.7549667353207828e-07,2.353122945088174e-07,5.619162135320399e-07,1.323749578760627e-15,1.4432075175976565e-13
65,65000.0,4.865926665603095e-06,6.144229663259236e-07,1.9553298967176631e-07,5.6542770211433245e-06,5.049225811583269e-12,3.2218910176224345e-06,7.78267577519466e-08,3.151072948347493e-06,4.000651956311189e-06,1.7550282881987338e-07,2.3531861908457697e-07,5.619652577610235e-07,5.375770564448015e-16,7.328299162492246e-14
66,66000.0,4.747899076509217e-06,6.144117083987297e-07,1.9553716034626912e-07,5.624012179541381e-06,2.6392546377263247e-12,3.2175603316431637e-06,7.783006367030441e-08,3.145938203956254e-06,3.948094039124854e-06,1.7550895014329502e-07,2.3532486178599983e-07,5.620131869126088e-07,2.1476915292002314e-16,3.6783468151170383e-14
67,67000.0,4.630450504773116e-06,6.143989931410342e-07,1.9554128404574972e-07,5.5926404122527225e-06,1.361890194440485e-12,3.2130204395208873e-06,7.783336662953803e-08,3.140608017777102e-06,3.895370030521071e-06,1.755150374987744e-07,2.35331022606561e-07,5.620600007007646e-07,8.44110636459258e-17,1.8250603730450185e-14
68,68000.0,4.513680994922366e-06,6.143848206433246e-07,1.955453607672323e-07,5.5601820869310605e-06,6.937567033819508e-13,3.2082722436233244e-06,7.783666662925878e-08,3.135083412119767e-06,3.842505175870522e-06,1.7552109088276226e-07,2.3533710153982085e-07,5.621056988461002e-07,3.263796937277578e-17,8.951109564286659e-15
69,69000.0,4.397687101278357e-06,6.143691910064574e-07,1.955493905077751e-07,5.526658192628061e-06,3.488804163098888e-13,3.2033166868029873e-06,7.783996366907836e-08,3.129365445343851e-06,3.7895244729543873e-06,1.7552711029172911e-07,2.3534309857942538e-07,5.621502810758678e-07,1.2414898623781989e-17,4.339618852314271e-15
70,70000.0,4.282561787992884e-06,6.143521043416564e-07,1.9555337326447006e-07,5.492090317198974e-06,1.7320095854288246e-13,3.1981547520851623e-06,7.78432577486088e-08,3.1234552115209503e-06,3.7364526534924266e-06,1.7553309572216527e-07,2.3534901371910603e-07,5.621937471239663e-07,4.6457893480461004e-18,2.079703285693998e-15
71,71000.0,4.168394340363644e-06,6.143335607705122e-07,1.9555730903444302e-07,5.456500624164842e-06,8.488447958289984e-14,3.1927874623429355e-06,7.784654886746245e-08,3.11735384008581e-06,3.6833141652141464e-06,1.7553904717058064e-07,2.3535484695267966e-07,5.622360967309427e-07,1.7102993845497974e-18,9.852041788957929e-16
72,72000.0,4.055270287397691e-06,6.143135604249799e-07,1.9556119781485386e-07,5.419911829065969e-06,4.1068665359621747e-14,3.1872158799594095e-06,7.7849837025252e-08,3.111062495476657e-06,3.63013315448906e-06,1.75544964633505e-07,2.3536059827404873e-07,5.622773296439955e-07,6.194140530458536e-19,4.613453942102317e-16
73,73000.0,3.943271335554459e-06,6.142921034473785e-07,1.955650396028961e-07,5.3823471753418835e-06,1.961540089024197e-14,3.1814411064772603e-06,7.78531222215905e-08,3.1045823767648825e-06,3.5769334495309513e-06,1.7555084810748775e-07,2.353662676772012e-07,5.623174456169772e-07,2.206918312266545e-19,2.135508034737679e-16
74,74000.0,3.832475313563702e-06,6.142691899903883e-07,1.9556883439579722e-07,5.343830409773605e-06,9.248857481901615e-15,3.1754642822358133e-06,7.78564044560913e-08,3.0979147172742366e-06,3.5237385441899928e-06,1.7555669758909813e-07,2.3537185515621064e-07,5.62356444410396e-07,7.735488621378973e-20,9.771276592782491e-17
75,75000.0,3.7229561281787755e-06,6.142448202170497e-07,1.9557258219081865e-07,5.304385757524447e-06,4.305100419299261e-15,3.169286585995789e-06,7.785968372836812e-08,3.091060784189694e-06,3.4705715823454263e-06,1.7556251307492507e-07,2.3537736070523602e-07,5.623943257914191e-07,2.6673839534805344e-20,4.4195340133765156e-17
76,76000.0,3.6147837306924085e-06,6.142189943007608e-07,1.9557628298525562e-07,5.26403789681599e-06,1.9782573354436124e-15,3.1629092345518962e-06,7.786296003803501e-08,3.084021878156182e-06,3.4174553429104595e-06,1.755682945615773e-07,2.35382784318522e-07,5.624310895338745e-07,9.048562823856673e-21,1.9759535492485546e-17
77,77000.0,3.508024094010193e-06,6.141917124252759e-07,1.9557993677643727e-07,5.222811933276164e-06,8.974010706692581e-16,3.156333482333458e-06,7.786623338470635e-08,3.076799332867334e-06,3.3644122254598975e-06,1.7557404204568321e-07,2.3538812599039864e-07,5.624667354182536e-07,3.0197428880522467e-21,8.732770720845037e-18
78,78000.0,3.4027392000470285e-06,6.141629747847025e-07,1.9558354356172662e-07,5.180733373996652e-06,4.0187841598141285e-16,3.1495606209932446e-06,7.786950376799688e-08,3.069394514644453e-06,3.3114642364899233e-06,1.7557975552389107e-07,2.3539338571528178e-07,5.625012632317129e-07,9.914175841546257e-22,3.81506956508678e-18
79,79000.0,3.298987037183366e-06,6.141327815835001e-07,1.955871033385206e-07,5.1378281013369916e-06,1.7766712724420604e-16,3.142591978984707e-06,7.787277118752163e-08,3.0618088220058865e-06,3.2586329763183453e-06,1.7558543499286876e-07,2.353985634876728e-07,5.625346727680762e-07,3.202134406357066e-22,1.647509553095288e-18
80,80000.0,3.1968216074916067e-06,6.141011330364769e-07,1.9559061610425004e-07,5.094122346512868e-06,7.753963965480007e-17,3.1354289211278006e-06,7.7876035642896e-08,3.05404368522697e-06,3.205939626632502e-06,1.7559108044930407e-07,2.354036593021585e-07,5.625669638278374e-07,1.017463376720886e-22,7.032803743985932e-19
81,81000.0,3.0962929434184917e-06,6.140680293687876e-07,1.9559408185637967e-07,5.04964266300612e-06,3.340756149816476e-17,3.1280728481636073e-06,7.787929713373577e-08,3.046100565890774e-06,3.1534049386909426e-06,1.7559669188990449e-07,2.354086731534115e-07,5.625981362181615e-07,3.1804919741107396e-23,2.967591589428533e-19
82,82000.0,2.997447133586616e-06,6.140334708159306e-07,1.9559750059240808e-07,5.004415899834002e-06,1.4209214638845315e-17,3.120525196297946e-06,7.788255565965695e-08,3.0379809564298137e-06,3.101049222183869e-06,1.756022693113972e-07,2.3541360503618992e-07,5.626281897528869e-07,9.780613817200143e-24,1.2378124355376526e-19
83,83000.0,2.9003263573576527e-06,6.139974576237451e-07,1.9560087230986778e-07,4.95846917471509e-06,5.966225617500816e-18,3.1127874367341872e-06,7.7885811220276e-08,3.0296863796589504e-06,3.0488923347562845e-06,1.7560781271052933e-07,2.354184549453375e-07,5.626571242525277e-07,2.958926708250715e-24,5.103646996834366e-20
84,84000.0,2.8049689277812226e-06,6.139599900484087e-07,1.9560419700632523e-07,4.911829847169105e-06,2.4730538343798174e-18,3.104861075195487e-06,7.788906381520966e-08,3.021218388299678e-06,2.996953672196674e-06,1.7561332208406763e-07,2.3542322287578372e-07,5.626849395442745e-07,8.806403770130017e-25,2.080086958279871e-20
85,85000.0,2.7114093425368006e-06,6.139210683564338e-07,1.9560747467938076e-07,4.86452549158769e-06,1.011979623799936e-18,3.0967476514366524e-06,7.789231344407499e-08,3.012578564495994e-06,2.9452521592930228e-06,1.7561879742879866e-07,2.3542790882254352e-07,5.627116354619972e-07,2.578453293450755e-25,8.380258800177449e-21
86,86000.0,2.6196783424615826e-06,6.138806928246649e-07,1.9561070532666864e-07,4.816583870312888e-06,4.088031802488114e-19,3.0884487387458586e-06,7.789556010648948e-08,3.003768519322085e-06,2.8938062413568726e-06,1.7562423874152885e-07,2.354325127807177e-07,5.62737211846246e-07,7.427048044305413e-26,3.3374014251877197e-21
87,87000.0,2.5298029772447176e-06,6.138388637402748e-07,1.95613888945857e-07,4.768032906759692e-06,1.6302757299176214e-19,3.079965943436448e-06,7.789880380207081e-08,2.9947898922820275e-06,2.8426338764151713e-06,1.756296460190843e-07,2.3543703474549255e-07,5.627616685442528e-07,2.104599616518591e-26,1.3138159801627611e-21
88,88000.0,2.4418066778579466e-06,6.137955814007616e-07,1.95617025534648e-07,4.718900658618677e-06,6.418183957009324e-20,3.0713009043290435e-06,7.790204453043716e-08,2.9856443508017243e-06,2.791752528068549e-06,1.7563501925831094e-07,2.354414747121401e-07,5.627850054099335e-07,5.8670397389259116e-27,5.112528116635328e-22
89,89000.0,2.355709335284272e-06,6.13750846113945e-07,1.9562011509077757e-07,4.6692152911741845e-06,2.4944083860829757e-20,3.0624552922241947e-06,7.790528229120692e-08,2.976333589713298e-06,2.7411791590137715e-06,1.7564035845607452e-07,2.3544583267601806e-07,5.628072223038891e-07,1.609032669223012e-27,1.9665815279776664e-22
90,90000.0,2.271527385099813e-06,6.137046581979627e-07,1.956231576120157e-07,4.619005050773023e-06,9.570337535032241e-21,3.053430809365817e-06,7.790851708399892e-08,2.9668593307321634e-06,2.6909302252270482e-06,1.7564566360926056e-07,2.3545010863256974e-07,5.628283190934064e-07,4.341171901400479e-28,7.477618053499794e-23
91,91000.0,2.1892738974596124e-06,6.136570179812668e-07,1.9562615309616622e-07,4.5682982384780795e-06,3.624860120095265e-21,3.0442291888956438e-06,7.791174890843222e-08,2.957223321927008e-06,2.641021670804006e-06,1.7565093471477433e-07,2.3545430257732429e-07,5.628482956524605e-07,1.1522464903849394e-28,2.81053939739154e-23
92,92000.0,2.108958672035483e-06,6.136079258026194e-07,1.9562910154106697e-07,4.517123183940519e-06,1.3553752447625117e-21,3.034852194298947e-06,7.791497776412634e-08,2.947427337182902e-06,2.5914689234511544e-06,1.7565617176954098e-07,2.3545841450589645e-07,5.628671518617151e-07,3.00870836777173e-29,1.0442179474873296e-23
93,93000.0,2.0305883374533177e-06,6.135573820110893e-07,1.9563200294458962e-07,4.46550821952363e-06,5.003018929550954e-22,3.0253016188417765e-06,7.791820365070104e-08,2.937473175657772e-06,2.54228689062281e-06,1.7566137477050543e-07,2.3546244441398663e-07,5.628848876085243e-07,7.728782451885463e-30,3.835020641671167e-24
94,94000.0,1.954166454778256e-06,6.135053869660472e-07,1.9563485730463985e-07,4.413481654710531e-06,1.8230939207251854e-22,3.0155792849999586e-06,7.792142656777648e-08,2.927362661232477e-06,2.4934899562965373e-06,1.756665437146324e-07,2.3546639229738108e-07,5.629015027869335e-07,1.9531624282840005e-30,1.3922567589160417e-24
95,95000.0,1.8796936245989162e-06,6.134519410371617e-07,1.9563766461915726e-07,4.361071750827223e-06,6.558284303774463e-23,3.0056870438801193e-06,7.792464651497311e-08,2.9170976419547093e-06,2.4450919783793624e-06,1.756716785989064e-07,2.3547025815195174e-07,5.629169972976803e-07,4.855812727676525e-31,4.9962716201934825e-25
96,96000.0,1.8071675972662243e-06,6.133970446043956e-07,1.956404248861154e-07,4.308306696111583e-06,2.3290335042952827e-23,2.9956267746329806e-06,7.792786349191175e-08,2.906679989476967e-06,2.3971062867361614e-06,1.756767794203318e-07,2.3547404197365617e-07,5.629313710481956e-07,1.1876317133057496e-31,1.7723431980252917e-25
97,97000.0,1.7365833858483403e-06,6.133406980579996e-07,1.9564313810352172e-07,4.255214581157966e-06,8.165175665599898e-24,2.985400383859199e-06,7.793107749821358e-08,2.8961115984888346e-06,2.3495456818308704e-06,1.756818461759327e-07,2.354777437585378e-07,5.629446239526045e-07,2.857576937665728e-32,6.214764577390293e-26
98,98000.0,1.6679333813705996e-06,6.132829017985097e-07,1.9564580426941768e-07,4.201823374766224e-06,2.8259184764700446e-24,2.9750098050079987e-06,7.793428853350006e-08,2.8853943861438094e-06,2.302422433970377e-06,1.7568687886275315e-07,2.3548136350272568e-07,5.629567559317275e-07,6.764105421387694e-33,2.1541533525500266e-26
99,99000.0,1.6012074699181601e-06,6.132236562367414e-07,1.9564842338187862e-07,4.148160900222872e-06,9.6551277669489e-25,2.9644569977688704e-06,7.793749659739306e-08,2.8745302914809212e-06,2.2557482831402943e-06,1.756918774778569e-07,2.3548490120243474e-07,5.62967766913081e-07,1.575139753216098e-33,7.380803262134282e-27
100,100000.0,1.5363931511891514e-06,6.131629617937849e-07,1.9565099543901389e-07,4.094254812041179e-06,3.2565722763882225e-25,2.9537439474566063e-06,7.794070168951471e-08,2.8635212748413837e-06,2.2095344394210333e-06,1.7569684201832757e-07,2.3548835685396559e-07,5.629776568308776e-07,3.6084783689398565e-34,2.4998026140206838e-27
101,101000.0,1.4734756580974183e-06,6.131008189010001e-07,1.9565352043896677e-07,4.040132573185876e-06,1.084345589634455e-25,2.9428726643899322e-06,7.794390380948754e-08,2.852369317280524e-06,2.163791583972055e-06,1.7570177248126857e-07,2.3549173045370457e-07,5.629864256260275e-07,8.132525045711768e-35,8.369179509905416e-28
102,102000.0,1.4124380770363076e-06,6.130372280000117e-07,1.9565599837991443e-07,3.985821432807083e-06,3.5643390884965104e-26,2.9318451832640178e-06,7.794710295693442e-08,2.8410764199752427e-06,2.1185298705714464e-06,1.757066688638032e-07,2.3549502199812385e-07,5.629940732461385e-07,1.803113238110334e-35,2.7697152673095824e-28
103,103000.0,1.3532614684283912e-06,6.129721895427042e-07,1.9565842926006814e-07,3.9313484045069465e-06,1.1566304170141514e-26,2.9206635625171297e-06,7.795029913147851e-08,2.8296446036272377e-06,2.0737589276974704e-06,1.757115311630746e-07,2.3549823148378136e-07,5.630005996455172e-07,3.9329360392402735e-36,9.06071444244602e-29
104,104000.0,1.295924987200282e-06,6.129057039912158e-07,1.9566081307767295e-07,3.876740245161326e-06,3.705224310919454e-27,2.9093298836917107e-06,7.795349233274336e-08,2.8180759078622606e-06,2.0294878611381398e-06,1.7571635937624562e-07,2.3550135890732077e-07,5.630060047851688e-07,8.439312224982676e-37,2.9299812315945975e-29
105,105000.0,1.2404060028368272e-06,6.128377718179335e-07,1.9566314983100802e-07,3.822023434317694e-06,1.1717600862845187e-27,2.8978462507901584e-06,7.795668256035283e-08,2.806372390625629e-06,1.9857252571143638e-06,1.757211535004991e-07,2.3550440426547167e-07,5.630102886327976e-07,1.7815315372092045e-37,9.36574458893178e-30
106,106000.0,1.1866802186847906e-06,6.127683935054874e-07,1.956654395183864e-07,3.7672241541892257e-06,3.6581978996208813e-28,2.8862147896255776e-06,7.795986981393114e-08,2.794536127574279e-06,1.9424791859017524e-06,1.7572591353303765e-07,2.355073675550492e-07,5.630134511628075e-07,3.699783099648313e-38,2.9593399588653332e-30
107,107000.0,1.1347217901925373e-06,6.12697569546745e-07,1.9566768213815508e-07,3.712368270263822e-06,1.1274570107175308e-28,2.8744376471677983e-06,7.796305409310284e-08,2.782569211465564e-06,1.899757205935683e-06,1.7573063947108366e-07,2.3551024877295456e-07,5.630154923563024e-07,7.558842616687545e-39,9.243202829031551e-31
108,108000.0,1.0845034417892133e-06,6.126253004448051e-07,1.9566987768869513e-07,3.6574813125455977e-06,3.430339362358235e-29,2.8625169908849247e-06,7.796623539749282e-08,2.7704737515430944e-06,1.8575663683838973e-06,1.7573533131187945e-07,2.355130479161746e-07,5.63016412201086e-07,1.5192548481953756e-39,2.8538108484305577e-31
109,109000.0,1.035996582124246e-06,6.125515867129922e-07,1.9567202616842149e-07,3.6025884574451154e-06,1.0303350691064352e-29,2.8504550080807086e-06,7.79694137267263e-08,2.758251872919842e-06,1.8159132221704234e-06,1.7573998905268722e-07,2.3551576498178199e-07,5.630162106916622e-07,3.0040160461919336e-40,8.709695313047614e-32
110,110000.0,9.891714174056847e-07,6.124764288748504e-07,1.9567412757578305e-07,3.5477145103333734e-06,3.055091184804344e-30,2.838253905228022e-06,7.797258908042885e-08,2.7459057159587684e-06,1.7748038194344082e-06,1.7574461269078892e-07,2.3551839996693522e-07,5.63014887829235e-07,5.843461064473886e-41,2.627579211264779e-32
111,111000.0,9.439970625938368e-07,6.123998274641367e-07,1.9567618190926277e-07,3.4928838887733128e-06,8.942813465693336e-31,2.8259159072987237e-06,7.797576145822639e-08,2.733437435651229e-06,1.7342437214070325e-06,1.7574920222348637e-07,2.355209528688787e-07,5.630124436217086e-07,1.1182382677759004e-41,7.835807321898871e-33
112,112000.0,9.004416502246918e-07,6.123217830248155e-07,1.956781891673775e-07,3.4381206064413077e-06,2.584213952574708e-31,2.8134432570901808e-06,7.797893085974516e-08,2.720849200993405e-06,1.6942380046895e-06,1.7575375764810135e-07,2.3552342368494246e-07,5.630088780836872e-07,2.1052071452176977e-42,2.309865839835126e-33
113,113000.0,8.584724366557735e-07,6.122422961110516e-07,1.9568014934867812e-07,3.3834482577498733e-06,7.372029454756558e-32,2.8008382145487616e-06,7.798209728461178e-08,2.708143194361013e-06,1.6547912679148257e-06,1.7575827896197538e-07,2.355258124125426e-07,5.630041912364752e-07,3.8989854060456035e-43,6.730771398961471e-34
114,114000.0,8.180559055451711e-07,6.121613672872034e-07,1.956820624517495e-07,3.3288900031814796e-06,2.0761080693238267e-32,2.7881030560905543e-06,7.798526073245316e-08,2.6953216108825402e-06,1.6159076387759665e-06,1.757627661624699e-07,2.3552811904918082e-07,5.629983831080762e-07,7.104028140841089e-44,1.9387329952764266e-34
115,115000.0,7.791578683924828e-07,6.120789971278171e-07,1.9568392847521034e-07,3.2744685553421582e-06,5.7718781086070276e-33,2.7752400739196115e-06,7.798842120289655e-08,2.682386657811261e-06,1.5775907814026884e-06,1.7576721924696616e-07,2.3553034359244488e-07,5.629914537331938e-07,1.2733682759796865e-44,5.520091025244454e-35
116,116000.0,7.417435619882716e-07,6.119951862176191e-07,1.956857474177135e-07,3.220206165742275e-06,1.5841220732425245e-33,2.7622515753440025e-06,7.799157869556962e-08,2.6693405538962837e-06,1.53984390406943e-06,1.7577163821286534e-07,2.3553248604000813e-07,5.629834031532303e-07,2.245430760889758e-45,1.5536369927425355e-35
117,117000.0,7.057777426362208e-07,6.119099351515095e-07,1.9568751927794576e-07,3.166124612310574e-06,4.2920467114765164e-34,2.7491398820899525e-06,7.799473321010026e-08,2.6561855287528675e-06,1.5026697672163423e-06,1.7577602305758842e-07,2.3553454638962999e-07,5.629742314162869e-07,3.89530617341992e-46,4.322429755499873e-36
118,118000.0,6.712247770294539e-07,6.118232445345548e-07,1.9568924405462792e-07,3.112245187646385e-06,1.1480069945342184e-34,2.735907329614364e-06,7.799788474611682e-08,2.642923822232271e-06,1.4660706917656281e-06,1.7578037377857639e-07,2.3553652463915562e-07,5.629639385771628e-07,6.647828693546549e-47,1.18872504155976e-36
119,119000.0,6.380487296794367e-07,6.11735114981981e-07,1.9569092174651465e-07,3.0585886880135935e-06,3.0313000612338154e-35,2.7225562664159846e-06,7.800103330324789e-08,2.6295576837913733e-06,1.430048567715273e-06,1.7578469037328993e-07,2.3553842078651603e-07,5.629525246973552e-07,1.116128838217477e-47,3.2315431222386434e-37
120,120000.0,6.062134468123535e-07,6.116455471191661e-07,1.9569255235239476e-07,3.005175403078785e-06,7.901646969542096e-36,2.7090890533455213e-06,7.800417888112249e-08,2.616089371862304e-06,1.3946048629922862e-06,1.757889728392097e-07,2.3554023482972815e-07,5.629399898450579e-07,1.8435084325322324e-48,8.683875255969619e-38
121,121000.0,5.75682636663914e-07,6.115545415816329e-07,1.9569413587109092e-07,2.952025106394737e-06,2.0333428657008375e-36,2.6955080629149736e-06,7.800732147936988e-08,2.6025211532223513e-06,1.3597406325475832e-06,1.7579322117383623e-07,2.3554196676689472e-07,5.629263340951615e-07,2.995519953155101e-49,2.3067061491817105e-38
122,122000.0,5.464199461190212e-07,6.114620990150413e-07,1.9569567230145986e-07,2.899157046629257e-06,5.1654470034708225e-37,2.6818156786064673e-06,7.801046109761978e-08,2.5888553023643607e-06,1.3254565276747429e-06,1.7579743537468988e-07,2.3554361659620435e-07,5.629115575292517e-07,4.788457027238358e-50,6.056839244492517e-39
123,123000.0,5.183890336577151e-07,6.113682200751808e-07,1.9569716164239223e-07,2.846589939538174e-06,1.2954167368491955e-37,2.668014294180871e-06,7.801359773550215e-08,2.5750941008678936e-06,1.2917528055349361e-06,1.75801615439311e-07,2.355451843159315e-07,5.628956602356096e-07,7.530351717330664e-51,1.5720809226023925e-39
124,124000.0,4.915536385831504e-07,6.112729054279628e-07,1.9569860389281283e-07,2.7943419606801567e-06,3.207121383693465e-38,2.6541063129864653e-06,7.801673139264734e-08,2.561239836771369e-06,1.258629338870484e-06,1.7580576136525973e-07,2.3554666992443651e-07,5.628786423092098e-07,1.1650141953793014e-51,4.033469938477705e-40
125,125000.0,4.6587764652107664e-07,6.111761557494124e-07,1.9569999905168027e-07,2.742430738869903e-06,7.838366951470116e-39,2.640094147267956e-06,7.801986206868603e-08,2.54729480394543e-06,1.2260856258896254e-06,1.7580987315011613e-07,2.3554807342016565e-07,5.6286050385172e-07,1.7731417774816696e-52,1.0229580588422562e-40
126,126000.0,4.4132515119338263e-07,6.110779717256606e-07,1.957013471179873e-07,2.690873350365131e-06,1.8912114320458163e-39,2.625980217476089e-06,7.802298976324925e-08,2.533261301467782e-06,1.1941208003052857e-06,1.758139507914801e-07,2.3554939480165097e-07,5.628412449714999e-07,2.6549234104292757e-53,2.56455435484514e-41
127,127000.0,4.1786051248063044e-07,6.109783540529368e-07,1.957026480907606e-07,2.6396863137817505e-06,4.504627437390494e-40,2.611766951578153e-06,7.802611447596837e-08,2.5191416329997204e-06,1.1627336415108187e-06,1.7581799428697153e-07,2.3555063406751044e-07,5.628208657836004e-07,3.9107208861507466e-54,6.355373298330762e-42
128,128000.0,3.9544841080021634e-07,6.108773034375593e-07,1.9570390196906078e-07,2.588885585730549e-06,1.0592097529047188e-40,2.597456784369636e-06,7.802923620647508e-08,2.504938106164598e-06,1.1319225848759313e-06,1.7582200363423017e-07,2.3555179121644794e-07,5.627993664097613e-07,5.667061606795835e-55,1.5568447208310525e-42
129,129000.0,3.740538978377491e-07,6.107748205959279e-07,1.9570510875198258e-07,2.5384865571676958e-06,2.4587216426875075e-41,2.583052156787305e-06,7.803235495440142e-08,2.4906530319284473e-06,1.1016857321462702e-06,1.7582597883091558e-07,2.3555286624725316e-07,5.627767469784117e-07,8.078957736641962e-56,3.769854670559386e-43
130,130000.0,3.536424436795065e-07,6.106709062545154e-07,1.9570626843865463e-07,2.4885040504504204e-06,5.634314136941856e-42,2.5685555152239788e-06,7.803547071937981e-08,2.4762887239830006e-06,1.0720208619303948e-06,1.7582991987470737e-07,2.3555385915880177e-07,5.627530076246679e-07,1.1330498765079756e-56,9.02358253187576e-44
131,131000.0,3.341799804033577e-07,6.105655611498584e-07,1.9570738102823968e-07,2.438952317088259e-06,1.2746092033347078e-42,2.5539693108452587e-06,7.803858350104295e-08,2.4618474981313206e-06,1.0429254402581887e-06,1.7583382676330492e-07,2.355547699500552e-07,5.627281484903317e-07,1.5632880519294807e-57,2.1350520054276847e-44
132,132000.0,3.1563294219431736e-07,6.104587860285495e-07,1.957084465199344e-07,2.3898450361793587e-06,2.8465403396346344e-43,2.539295998908472e-06,7.804169329902393e-08,2.447331671676275e-06,1.0143966311950496e-06,1.7583769949442762e-07,2.3555559862006096e-07,5.627021697238895e-07,2.1219017877794907e-58,4.9935913352640224e-45
133,133000.0,2.979683020589795e-07,6.103505816472274e-07,1.9570946491296942e-07,2.341195313520455e-06,6.275696543808486e-44,2.524538038084104e-06,7.804480011295617e-08,2.432743562812071e-06,9.86431307496556e-07,1.7584153806581463e-07,2.3555634516795224e-07,5.62675071480511e-07,2.833399663899456e-59,1.1544964825937672e-45
134,134000.0,2.811536052204154e-07,6.10240948772569e-07,1.9571043620660948e-07,2.293015681378328e-06,1.365874597326849e-44,2.509697889779961e-06,7.804790394247341e-08,2.418085490019069e-06,9.590260612886481e-07,1.7584534247522516e-07,2.3555700959294824e-07,5.626468539220474e-07,3.7220884273303534e-60,2.6384405137752433e-46
135,135000.0,2.6515699928173517e-07,6.101298881812799e-07,1.9571136040015325e-07,2.2453180989096953e-06,2.9347020844766593e-45,2.4947780174683266e-06,7.805100478720974e-08,2.4033597714620954e-06,9.321772147587316e-07,1.7584911272043825e-07,2.35557591894354e-07,5.626175172170294e-07,4.810185496309969e-61,5.9604229268469295e-47
136,136000.0,2.4994726125244446e-07,6.100174006600847e-07,1.9571223749293343e-07,2.1981139532158133e-06,6.2247442529060344e-46,2.479780886016367e-06,7.805410264679964e-08,2.388568724392455e-06,9.058808308434965e-07,1.7585284879925291e-07,2.355580920715605e-07,5.625870615406658e-07,6.115518039687463e-62,1.3310118520921943e-47
137,137000.0,2.3549382153694437e-07,6.09903487005719e-07,1.9571306748431674e-07,2.1514140610172777e-06,1.3034167722917517e-46,2.464708961020018e-06,7.805719752087785e-08,2.37371466455387e-06,8.80132723899651e-07,1.75856550709488e-07,2.3555851012404458e-07,5.625554870748426e-07,7.64893495807636e-63,2.9380680158745667e-48
138,138000.0,2.21766784989082e-07,6.097881480249186e-07,1.9571385037370388e-07,2.105228670933883e-06,2.694321379977312e-47,2.449564708141622e-06,7.806028940907951e-08,2.3587999055925387e-06,8.549284703441602e-07,1.7586021844898232e-07,2.35558846051369e-07,5.625227940081197e-07,9.411632777804658e-64,6.410868146412303e-49
139,139000.0,2.087369491405463e-07,6.09671384534411e-07,1.9571458616052961e-07,2.0595674663537537e-06,5.498190579689346e-48,2.434350592451544e-06,7.80633783110401e-08,2.343826758471525e-06,8.302634192510279e-07,1.7586385201559463e-07,2.355590998531824e-07,5.624889825357298e-07,1.1392663458931989e-64,1.382760358975945e-49
140,140000.0,1.9637581971416822e-07,6.09553197360905e-07,1.9571527484426264e-07,2.014439568875357e-06,1.1076294167521812e-48,2.4190690777740016e-06,7.806646422639541e-08,2.3287975308896694e-06,8.061327028920705e-07,1.7586745140720354e-07,2.3555927152921933e-07,5.624540528595769e-07,1.3566938382881338e-65,2.948166949394105e-50
141,141000.0,1.8465562353582986e-07,6.094335873410817e-07,1.9571591642440566e-07,1.9698535423054653e-06,2.2027919119333138e-49,2.403722626037362e-06,7.806954715478161e-08,2.313714526705239e-06,7.825312472095914e-07,1.7587101662170766e-07,2.3555936107930027e-07,5.624180051882334e-07,1.589405552775253e-66,6.213442766719262e-51
142,142000.0,1.7354931896073855e-07,6.09312555321584e-07,1.957165109004955e-07,1.925817397195655e-06,4.324707753887868e-50,2.3883136966291195e-06,7.807262709583516e-08,2.298580045364478e-06,7.594537822093039e-07,1.7587454765702538e-07,2.3555936850333142e-07,5.623808397369385e-07,1.8318246067957147e-67,1.2944569393670367e-51
143,143000.0,1.630306039313199e-07,6.09190102159007e-07,1.9571705827210285e-07,1.8823385958993945e-06,8.381936310979831e-51,2.3728447457557977e-06,7.807570404919294e-08,2.283396381335287e-06,7.368948522623119e-07,1.7587804451109527e-07,2.3555929380130516e-07,5.62342556727596e-07,2.076965776579428e-68,2.665741237614389e-52
144,144000.0,1.530739217849359e-07,6.090662287198875e-07,1.9571755853883254e-07,1.8394240581314366e-06,1.6037484443598393e-51,2.3573182258079875e-06,7.807877801449211e-08,2.2681658235461846e-06,7.148488263054327e-07,1.758815071818756e-07,2.3555913697329958e-07,5.623031563887721e-07,2.3167068437015297e-69,5.42654550566942e-53
145,145000.0,1.4365446493008602e-07,6.089409358806944e-07,1.957180117003233e-07,1.7970801670107803e-06,3.0292313275894886e-52,2.341736584730756e-06,7.808184899137018e-08,2.252890654830753e-06,6.933099079295918e-07,1.758849356673447e-07,2.3555889801947863e-07,5.622626389556932e-07,2.5421964738578254e-70,1.0919530979246633e-53
146,146000.0,1.3474817650970834e-07,6.088142245278177e-07,1.95718417756248e-07,1.7553127755681669e-06,5.6484973698852e-53,2.326102265399633e-06,7.808491697946503e-08,2.237573151377743e-06,6.7227214534652e-07,1.758883299655007e-07,2.3555857694009235e-07,5.622210046702431e-07,2.7443748559299434e-71,2.1719988794055264e-54
147,147000.0,1.2633175016971937e-07,6.086860955575584e-07,1.9571877670631334e-07,1.7141272136987602e-06,1.0397710517752883e-53,2.31041770500239e-06,7.808798197841485e-08,2.2222155821870105e-06,6.517294412244335e-07,1.7589169007436183e-07,2.3555817373547653e-07,5.621782537809616e-07,2.9145669814301425e-72,4.2706136667656e-55
148,148000.0,1.1838262805002539e-07,6.085565498761181e-07,1.957190885502602e-07,1.6735282955404197e-06,1.889499638681084e-54,2.2946853344268303e-06,7.809104398785823e-08,2.206820208531464e-06,6.31675562383884e-07,1.7589501599196616e-07,2.3555768840605288e-07,5.621343865430408e-07,3.0450956488520724e-73,8.30034321957231e-56
149,149000.0,1.1087899711392957e-07,6.084255883995876e-07,1.9571935328786345e-07,1.6335203272577458e-06,3.389691733288757e-55,2.2789075776547753e-06,7.809410300743401e-08,2.1913892834251763e-06,6.121041493454118e-07,1.7589830771637172e-07,2.3555712095232902e-07,5.620894032183231e-07,3.129854337860199e-74,1.5946922834797831e-56
150,150000.0,1.0379978393021527e-07,6.082932120539372e-07,1.9571957091893184e-07,1.5941071152119046e-06,6.003132029933465e-56,2.263086851162474e-06,7.809715903678147e-08,2.1759250510978464e-06,5.930087257211425e-07,1.7590156524565646e-07,2.3555647137489849e-07,5.620433040752992e-07,3.164780564176488e-75,3.0285364934710765e-57
151,151000.0,9.712464802017562e-08,6.081594217750048e-07,1.9571974144330832e-07,1.5552919744961287e-06,1.0495421529603298e-56,2.247225563327607e-06,7.810021207554019e-08,2.16042974647575e-06,5.74382707442927e-07,1.759047885779183e-07,2.355557396744406e-07,5.619960893891044e-07,3.148178645540772e-76,5.685436408335791e-58
152,152000.0,9.083397387957422e-08,6.080242185084852e-07,1.957198648608697e-07,1.5170777378166555e-06,1.8114492724134604e-57,2.2313261138430907e-06,7.810326212335005e-08,2.1449055946693464e-06,5.562194118201144e-07,1.759079777112751e-07,2.3555492585172078e-07,5.619477594415163e-07,3.0808561712832165e-77,1.0550423139916717e-58
153,153000.0,8.490886178294679e-08,6.078876032099195e-07,1.9571994117152688e-07,1.4794667646988404e-06,3.0864323847269054e-58,2.21539089313787e-06,7.810630917985135e-08,2.129354810467694e-06,5.385120664205065e-07,1.7591113264386468e-07,2.3555402990759013e-07,5.618983145209526e-07,2.966058881804218e-78,1.9353121638991302e-59
154,154000.0,7.93311174748397e-08,6.077495768446826e-07,1.9571997037522475e-07,1.4424609509981578e-06,5.191485647500773e-59,2.1994222818048714e-06,7.81093532446847e-08,2.113779597839816e-06,5.212538177685173e-07,1.7591425337384478e-07,2.355530518429858e-07,5.618477549224668e-07,2.809211269807973e-79,3.509192973882936e-60
155,155000.0,7.408324084954326e-08,6.076101403879735e-07,1.957199524719423e-07,1.406061738695803e-06,8.620468079828684e-60,2.1834226500363097e-06,7.811239431749104e-08,2.0981821494431596e-06,5.044377398550398e-07,1.759173398993931e-07,2.3555199165893068e-07,5.617960809477469e-07,2.617491770803518e-80,6.28982485880514e-61
156,156000.0,6.914841371765682e-08,6.074692948248021e-07,1.9571988746169235e-07,1.3702701259586854e-06,1.4131046918129582e-60,2.1673943570665043e-06,7.811543239791166e-08,2.0825646461393027e-06,4.880568424539541e-07,1.759203922187073e-07,2.3555084935653366e-07,5.617432929051113e-07,2.3992888577482446e-81,1.1144098208101111e-61
157,157000.0,6.45104867544328e-08,6.07327041149979e-07,1.957197753445219e-07,1.3350866774436824e-06,2.286768117178063e-61,2.151339750622392e-06,7.811846748558822e-08,2.066929256517018e-06,4.72104079240693e-07,1.7592341033000497e-07,2.3554962493698951e-07,5.616893911095059e-07,2.1635953461508037e-82,1.951759874890574e-62
158,158000.0,6.015396572131383e-08,6.071833803681028e-07,1.9571961612051192e-07,1.3005115348261388e-06,3.6532064737933084e-62,2.135261166381885e-06,7.81214995801627e-08,2.051278136422848e-06,4.5657235570870647e-07,1.7592639423152368e-07,2.3554831840157882e-07,5.616343758825013e-07,1.9194014975802857e-83,3.378958957159775e-63
159,159000.0,5.6063997048439625e-08,6.070383134935488e-07,1.9571940978977731e-07,1.266544427532764e-06,5.761434230131295e-63,2.119160927440243e-06,7.812452868127739e-08,2.035613428499301e-06,4.4145453688013003e-07,1.7592934392152096e-07,2.355469297516681e-07,5.615782475522895e-07,1.6751430864320436e-84,5.7824851278268644e-64
160,160000.0,5.2226352862159255e-08,6.068918415504572e-07,1.957191563524671e-07,1.2331846836592666e-06,8.969976358338191e-64,2.1030413437846085e-06,7.812755478857501e-08,2.0199372617308042e-06,4.267434548073643e-07,1.7593225939827426e-07,2.355454589887097e-07,5.615210064536805e-07,1.4382496549135693e-85,9.781854731853107e-65
161,161000.0,4.86274155377843e-08,6.067439655727204e-07,1.957188558087643e-07,1.2004312410532685e-06,1.3786571837926902e-64,2.086904711776856e-06,7.813057790169856e-08,2.0042517509975203e-06,4.124319158627266e-07,1.7593514066008105e-07,2.3554390611424194e-07,5.61462652928099e-07,1.2148228076367984e-86,1.6356974249354522e-65
162,162000.0,4.5254161853960033e-08,6.065946866039714e-07,1.9571850815888588e-07,1.1682826585433014e-06,2.0918261016870026e-65,2.0707533136449e-06,7.81335980202914e-08,1.988558996637139e-06,3.985127078137284e-07,1.7593798770525872e-07,2.3554227112988889e-07,5.614031873235809e-07,1.0094571411520341e-87,2.7037081341647297e-66
163,163000.0,4.209414682115302e-08,6.064440056975715e-07,1.957181134030829e-07,1.136737127294969e-06,3.1332797169525054e-66,2.0545894169826e-06,7.813661514399723e-08,1.972861084014767e-06,3.849786066819554e-07,1.7594080053214465e-07,2.355405540373605e-07,5.613426099947702e-07,8.25199814490538e-89,4.417654242741491e-67
164,164000.0,3.913548725285944e-08,6.062919239165976e-07,1.9571767154164036e-07,1.1057924822756333e-06,4.6331574239585454e-67,2.038415274258395e-06,7.813962927246009e-08,1.9571600831010026e-06,3.7182238338390177e-07,1.7594357913909614e-07,2.3553875483845278e-07,5.612809213029155e-07,6.636309740328786e-90,7.135077795762683e-68
165,165000.0,3.636684514425239e-08,6.061384423338298e-07,1.9571718257487732e-07,1.075446213809338e-06,6.763309254048242e-68,2.0222331223328005e-06,7.814264040532437e-08,1.9414580480583053e-06,3.5903681015251674e-07,1.7594632352449052e-07,2.3553687353504738e-07,5.612181216158656e-07,5.250376693239348e-91,1.1391496476176796e-68
166,166000.0,3.377741091912514e-08,6.059835620317389e-07,1.9571664650314683e-07,1.0456954792040208e-06,9.746433755629924e-69,2.0060451819848874e-06,7.814564854223481e-08,1.925757016835756e-06,3.466146667385783e-07,1.7594903368672502e-07,2.3553491012911184e-07,5.611542113080666e-07,4.086491200988393e-92,1.7977857105943507e-69
167,167000.0,3.135688660216348e-08,6.058272841024741e-07,1.9571606332683597e-07,1.0165371144334372e-06,1.3865531584374545e-69,1.9898536574478675e-06,7.814865368283648e-08,1.910059010772285e-06,3.3454874639138544e-07,1.759517096242169e-07,2.3553286462269972e-07,5.610891907605584e-07,3.1290100794213132e-93,2.80459493138434e-70
168,168000.0,2.9095468969806046e-08,6.056696096478488e-07,1.9571543304636588e-07,9.879676458566126e-07,1.947294393522117e-70,1.973660735953888e-06,7.815165582677482e-08,1.8943660342084722e-06,3.228318616185981e-07,1.7595435133540336e-07,2.3553073701795016e-07,5.610230603609699e-07,2.357000341160375e-94,4.324913661569944e-71
169,169000.0,2.69838327292469e-08,6.055105397793293e-07,1.9571475566219155e-07,9.599833019580705e-07,2.6997963283779215e-71,1.9574685872881585e-06,7.81546549736956e-08,1.8786800741069898e-06,3.114568497254058e-07,1.759569588187416e-07,2.3552852731708845e-07,5.609558205035159e-07,1.746660978288664e-95,6.59264690270074e-72
170,170000.0,2.5013113771499254e-08,6.053500756180206e-07,1.9571403117480212e-07,9.325800250924912e-07,3.695172278947292e-72,1.9412793633524963e-06,7.81576511232449e-08,1.8630030996817627e-06,3.0041657813352544e-07,1.7595953207270874e-07,2.3552623552242556e-07,5.608874715889937e-07,1.2733678472388517e-96,9.933842414822494e-73
171,171000.0,2.31748925408951e-08,6.051882182946536e-07,1.957132595847207e-07,9.057534832179227e-07,4.992782874125704e-73,1.925095197738407e-06,7.816064427506922e-08,1.8473370620359265e-06,2.897039494808496e-07,1.7596207109580193e-07,2.3552386163635826e-07,5.608180140247775e-07,9.132620909381827e-98,1.479618638184057e-73
172,172000.0,2.1461177559942303e-08,6.050249689495724e-07,1.957124408925044e-07,8.794990816021375e-07,6.659704639805076e-74,1.908918205309775e-06,7.816363442881533e-08,1.8316838938086421e-06,2.793119065028629e-07,1.7596457588653832e-07,2.3552140566136925e-07,5.607474482248159e-07,6.443669705790629e-99,2.1784991606034374e-74
173,173000.0,1.986438914511213e-08,6.048603287327197e-07,1.9571157509874442e-07,8.538119744871823e-07,8.769433860701585e-75,1.892750481795263e-06,7.816662158413039e-08,1.8160455088308396e-06,2.692334366972411e-07,1.759670464434549e-07,2.3551886760002705e-07,5.60675774609627e-07,4.4726756023123565e-100,3.1705899387954485e-75
174,174000.0,1.8377343345891013e-08,6.046942988036243e-07,1.957106622040658e-07,8.286870766976951e-07,1.139967435451834e-75,1.876594103390496e-06,7.81696057406619e-08,1.800423801789937e-06,2.5946157677331924e-07,1.7596948276510885e-07,2.3551624745498602e-07,5.606029936062943e-07,3.054202436301487e-101,4.561396594207322e-76
175,175000.0,1.699323613630507e-08,6.045268803313869e-07,1.9570970220912775e-07,8.041190751790445e-07,1.462910084298525e-76,1.8604511263701108e-06,7.817258689805767e-08,1.784820647903605e-06,2.499894168883863e-07,1.7597188485007714e-07,2.3551354522898624e-07,5.60529105648463e-07,2.0517504024540452e-102,6.486802379767847e-77
176,176000.0,1.5705627885122317e-08,6.043580744946669e-07,1.9570869511462336e-07,7.80102440451865e-07,1.853305957639614e-77,1.8443235867097415e-06,7.817556505596588e-08,1.769237902602609e-06,2.408101046730077e-07,1.7597425269695684e-07,2.3551076092485378e-07,5.604541111763348e-07,1.3559620178160136e-103,9.118818620193713e-78
177,177000.0,1.4508428128057487e-08,6.041878824816682e-07,1.9570764092127982e-07,7.566314379701053e-07,2.3178264252746545e-78,1.8282134997180072e-06,7.81785402140351e-08,1.7536774012227842e-06,2.3191684904782076e-07,1.7597658630436498e-07,2.3550789454550037e-07,5.603780106366643e-07,8.815903163546445e-105,1.2671311401349944e-78
178,178000.0,1.339588066255052e-08,6.040163054901253e-07,1.9570653962985827e-07,7.337001393702035e-07,2.8616663575573933e-79,1.8121228596785579e-06,7.818151237191415e-08,1.7381409587061793e-06,2.2330292383447763e-07,1.7597888567093853e-07,2.3550494609392365e-07,5.603008044827541e-07,5.638744115914064e-106,1.740522441155038e-79
179,179000.0,1.2362548983066858e-08,6.038433447272892e-07,1.9570539124115389e-07,7.113024335995788e-07,3.4878788037533494e-80,1.796053639502246e-06,7.818448152925226e-08,1.7226303693114131e-06,2.1496167116361242e-07,1.7598115079533448e-07,2.35501915573207e-07,5.602224931744507e-07,3.548086931919911e-107,2.363266871108354e-80
180,180000.0,1.1403302072373888e-08,6.036690014099137e-07,1.9570419575599584e-07,6.894320379131501e-07,4.1967014358865256e-81,1.7800077903894621e-06,7.818744768569901e-08,1.7071474063332619e-06,2.0688650468292205e-07,1.7598338167622984e-07,2.354988029865196e-07,5.601430771781392e-07,2.196354338440268e-108,3.1719109292441123e-81
181,181000.0,1.0513300561886867e-08,6.034932767642405e-07,1.9570295317524726e-07,6.680825087271334e-07,4.984929965014886e-82,1.7639872415026892e-06,7.81904108409043e-08,1.6916938218315134e-06,1.9907091256862833e-07,1.7598557831232156e-07,2.3549560833711653e-07,5.600625569667398e-07,1.3375402189561988e-109,4.208276591378637e-82
182,182000.0,9.687983271946553e-09,6.033161720259852e-07,1.9570166349980535e-07,6.472472523199484e-07,5.8454015270409466e-83,1.7479938996493084e-06,7.819337099451835e-08,1.676271346369107e-06,1.9150846034377176e-07,1.7598774070232664e-07,2.354923316283385e-07,5.599809330197021e-07,8.013229527376518e-111,5.519028616573616e-83
183,183000.0,8.923054140792197e-09,6.031376884403227e-07,1.9570032673060123e-07,6.269195353705865e-07,6.766653468723775e-84,1.7320296489746978e-06,7.819632814619179e-08,1.6608816887595824e-06,1.841927935069415e-07,1.7598986884498202e-07,2.3548897286361214e-07,5.598982058230008e-07,4.722854919048012e-112,7.154776833266655e-84
184,184000.0,8.214469549023389e-09,6.029578272618726e-07,1.9569894286860009e-07,6.070924953253509e-07,7.732818618675846e-85,1.716096350665651e-06,7.819928229557555e-08,1.6455265358238433e-06,1.7711763997520473e-07,1.7599196273904458e-07,2.3548553204644974e-07,5.598143758691308e-07,2.7384064940993257e-113,9.168633541383121e-85
185,185000.0,7.558426044502366e-09,6.027765897546849e-07,1.9569751191480107e-07,5.877591505844473e-07,8.723806231555044e-86,1.700195842664141e-06,7.820223344232092e-08,1.6302075521562496e-06,1.7027681234512902e-07,1.7599402238329134e-07,2.3548200918044943e-07,5.597294436571023e-07,1.5620233319072322e-114,1.1614170952408098e-85
186,186000.0,6.951348470932636e-09,6.025939771922243e-07,1.9569603387023733e-07,5.689124105004282e-07,9.715798469056993e-87,1.6843299393914493e-06,7.820518158607953e-08,1.6149263799000429e-06,1.6366420997592541e-07,1.7599604777651922e-07,2.3547840426929506e-07,5.596434096924358e-07,8.765433645441186e-116,1.4542761782522139e-86
187,187000.0,6.389878501756868e-09,6.02409990857356e-07,1.9569450873597604e-07,5.505450851810527e-07,1.0682066685929514e-87,1.6685004314826745e-06,7.820812672650335e-08,1.5996846385321055e-06,1.5727382089884534e-07,1.7599803891754518e-07,2.3547471731675635e-07,5.595562744871574e-07,4.8389995927995815e-117,1.8000337282124353e-87
188,188000.0,5.870863579544537e-09,6.022246320423309e-07,1.9569293651311833e-07,5.326498950896644e-07,1.159408211065735e-88,1.6527090855316325e-06,7.821106886324471e-08,1.5844839246570525e-06,1.5109972355707493e-07,1.7599999580520609e-07,2.354709483266886e-07,5.594680385597932e-07,2.6280526036749202e-118,2.2023658891079456e-88
189,189000.0,5.391346259683907e-09,6.020379020487696e-07,1.9569131720279932e-07,5.152194804367279e-07,1.2422864795181215e-89,1.6369576438461511e-06,7.821400799595631e-08,1.56932581181064e-06,1.4513608838045685e-07,1.760019184383589e-07,2.3546709730303295e-07,5.593787024353645e-07,1.404134827468725e-119,2.6636268112517367e-89
190,190000.0,4.948553955950913e-09,6.018498021876477e-07,1.956896508061881e-07,4.982464103566816e-07,1.3140486527049391e-90,1.6212478242137588e-06,7.821694412429113e-08,1.5542118502724916e-06,1.3937717919945427e-07,1.7600380681588061e-07,2.3546316424981628e-07,5.592882666453823e-07,7.3803992893207636e-121,3.1844347909445796e-90
191,191000.0,4.539889084394598e-09,6.016603337792807e-07,1.9568793732448785e-07,4.817231918648147e-07,1.3721621386500557e-91,1.6055813196777668e-06,7.821987724790255e-08,1.5391435668881114e-06,1.3381735450283648e-07,1.760056609366681e-07,2.3545914917115116e-07,5.591967317278429e-07,3.816341187726381e-122,3.7632790175148687e-91
192,192000.0,4.162919600951294e-09,6.01469498153308e-07,1.9568617675893564e-07,4.656422785893682e-07,1.4145024968287246e-92,1.5899597983237276e-06,7.822280736644425e-08,1.5241224649001816e-06,1.2845106854363027e-07,1.760074807996383e-07,2.3545505207123596e-07,5.591040982272213e-07,1.9413812007101563e-123,4.396180895203981e-92
193,193000.0,3.815369927273595e-09,6.012772966486777e-07,1.9568436911080256e-07,4.499960792745754e-07,1.4394822193387092e-93,1.5743849030762644e-06,7.822573447957032e-08,1.509150023789102e-06,1.232728722979246e-07,1.760092664037282e-07,2.3545087295435466e-07,5.590103666944664e-07,9.715624792611207e-125,5.076445952474093e-93
194,194000.0,3.4951122584311193e-09,6.010837306136311e-07,1.9568251438139366e-07,4.3477696605086865e-07,1.446149497722064e-94,1.5588582515062473e-06,7.822865858693514e-08,1.4942276991227588e-06,1.1827741428116278e-07,1.760110177478947e-07,2.3544661182487702e-07,5.58915537686996e-07,4.783292493205815e-126,5.794541204932792e-94
195,195000.0,3.200158245402763e-09,6.008888014056863e-07,1.95680612572048e-07,4.199772824689513e-07,1.4342484105382084e-95,1.5433814356482892e-06,7.823157968819347e-08,1.4793569224154807e-06,1.1345944122657747e-07,1.760127348311148e-07,2.3544226868725846e-07,5.588196117686906e-07,2.3167513856940355e-127,6.538128031663961e-95
196,196000.0,2.9286510446316104e-09,6.006925103916228e-07,1.9567866368413865e-07,4.0558935129491765e-07,1.4042352259773876e-96,1.5279560218285452e-06,7.823449778300037e-08,1.4645391009961515e-06,1.0881379863045082e-07,1.7601441765238545e-07,2.3543784354604014e-07,5.587225895098877e-07,1.1038961376857494e-128,7.292272056940071e-96
197,197000.0,2.6788577263477685e-09,6.004948589474656e-07,1.9567666771907258e-07,3.91605482064082e-07,1.3572493717965962e-97,1.5125835505027676e-06,7.823741287101131e-08,1.4497756178854413e-06,1.0433543116889071e-07,1.7601606621072357e-07,2.3543333640584886e-07,5.586244714873772e-07,5.174558313262456e-130,8.039839542846341e-97
198,198000.0,2.449162032877757e-09,6.002958484584692e-07,1.9567462467829082e-07,3.780179783916203e-07,1.2950416474396562e-98,1.49726553610459e-06,7.824032495188208e-08,1.4350678316821073e-06,1.0001938299081928e-07,1.760176805051662e-07,2.354287472713971e-07,5.585252582843945e-07,2.386242884366367e-131,8.762075205218874e-98
199,199000.0,2.2380574777461367e-09,6.000954803191006e-07,1.9567253456326832e-07,3.648191450385746e-07,1.2198659834002173e-99,1.4820034669039985e-06,7.824323402526878e-08,1.4204170764583235e-06,9.586079789186082e-08,1.7601926053477028e-07,2.354240761474831e-07,5.58424950490615e-07,1.0825607986610031e-132,9.43934040699455e-99
